account_id,shows_in_30_days,movies_in_30_days,most_recent_ip_address,most_recent_view_time
1,95,35,,1:35
2,28,98,,1:59
3,9,12,170.194.182.181,8:48
4,89,87,244.35.251.115,16:50
5,89,68,241.74.169.186,6:33
6,23,99,116.196.48.185,22:02
7,2,11,103.240.184.239,5:18
8,92,75,236.9.188.223,18:33
9,62,13,239.144.150.202,21:59
10,9,90,,11:47
11,48,16,136.119.1.181,22:13
12,2,77,181.207.54.129,7:07
13,90,63,177.133.199.56,22:59
14,49,46,134.172.30.76,6:39
15,65,12,,16:05
16,48,27,5.233.119.59,22:20
17,70,22,65.13.252.102,19:24
18,14,20,,0:21
19,23,3,,5:34
20,30,56,92.52.57.84,10:00
21,10,72,136.55.205.207,6:59
22,26,23,,21:59
23,69,1,,18:20
24,94,44,44.165.156.181,13:59
25,51,9,249.48.33.210,6:45
26,95,63,243.32.210.212,14:17
27,17,73,154.142.208.253,4:46
28,85,52,200.136.11.85,7:07
29,10,67,,19:51
30,78,100,22.24.207.85,10:00
31,0,7,29.190.245.180,19:36
32,81,30,40.146.89.139,18:07
33,71,98,94.248.11.196,12:01
34,98,54,,1:42
35,84,37,253.240.89.0,4:56
36,2,13,,18:23
37,88,16,,5:21
38,100,25,55.15.79.229,5:16
39,37,8,,1:57
40,37,21,52.6.13.93,16:58
41,25,92,,23:47
42,18,55,173.130.144.164,18:08
43,85,5,,16:21
44,66,34,,21:29
45,18,29,183.120.215.167,15:17
46,16,79,64.79.166.239,20:02
47,60,88,210.218.220.125,18:15
48,72,60,161.35.116.42,7:07
49,19,15,250.47.31.46,19:52
50,27,73,245.234.108.138,6:49
51,34,50,,15:11
52,71,71,74.149.181.197,6:04
53,38,98,,10:16
54,48,81,125.83.216.40,6:56
55,15,80,163.215.109.235,19:46
56,24,71,145.42.104.144,14:20
57,44,99,,1:17
58,44,91,117.102.131.103,14:34
59,62,55,214.20.167.8,14:07
60,98,21,233.255.187.50,19:13
61,67,18,11.133.68.60,20:39
62,55,70,185.213.156.136,10:53
63,5,51,212.116.152.77,5:59
64,40,35,189.33.136.18,21:32
65,51,99,,18:36
66,44,51,,11:24
67,3,21,209.211.88.86,12:19
68,58,74,248.161.34.146,19:25
69,74,94,,20:38
70,46,8,211.217.106.209,1:06
71,45,77,5.84.249.222,13:20
72,66,59,117.81.201.27,17:58
73,61,76,,7:30
74,89,75,192.17.125.247,20:11
75,79,46,56.246.43.215,6:54
76,8,58,219.31.108.202,21:07
77,28,82,222.29.147.11,6:59
78,21,47,224.100.106.26,13:27
79,8,98,136.68.98.0,19:58
80,80,68,146.147.138.195,1:31
81,52,45,,17:40
82,48,55,162.90.101.247,21:00
83,49,91,144.77.74.203,20:22
84,93,74,,13:05
85,40,64,58.82.181.94,20:14
86,96,30,126.192.151.51,4:36
87,15,83,217.202.119.46,0:37
88,46,7,,11:46
89,66,79,217.54.236.126,17:31
90,59,82,58.246.41.237,9:26
91,86,52,159.42.12.156,17:24
92,76,68,,9:20
93,68,77,186.246.221.163,20:24
94,84,60,0.92.60.96,3:22
95,33,25,87.162.109.222,19:36
96,26,57,223.96.28.57,18:07
97,65,87,117.25.70.14,1:11
98,73,31,,0:58
99,25,6,53.51.149.219,0:16
100,52,5,,3:46
101,30,62,57.86.180.251,0:32
102,36,49,108.48.231.229,2:40
103,13,4,151.42.178.187,3:14
104,56,95,24.215.93.199,2:35
105,60,90,71.114.9.31,14:39
106,74,10,153.144.212.224,16:00
107,10,45,13.139.76.62,10:13
108,94,68,178.1.43.222,14:05
109,95,26,47.230.13.20,8:07
110,61,2,248.248.86.222,4:33
111,10,87,,12:39
112,95,13,,11:39
113,70,36,95.245.43.41,0:42
114,15,66,,14:02
115,46,20,157.72.204.107,3:29
116,66,55,45.128.197.67,2:19
117,73,53,,10:12
118,82,38,,15:54
119,38,54,231.157.224.45,3:22
120,98,7,74.112.105.107,16:53
121,16,86,141.239.88.101,16:59
122,53,37,105.199.57.10,19:39
123,29,79,13.29.115.94,0:22
124,4,87,5.107.19.46,9:00
125,57,44,239.127.125.243,14:03
126,13,83,165.71.178.122,19:54
127,96,100,9.89.135.77,19:56
128,66,48,34.243.155.146,21:24
129,34,4,,21:28
130,93,94,24.193.76.187,1:30
131,68,90,130.33.247.84,15:19
132,15,90,232.176.207.250,7:54
133,52,42,,8:47
134,80,39,212.173.157.176,18:46
135,80,25,247.130.57.167,14:28
136,17,4,223.62.199.64,3:03
137,53,18,38.185.67.84,12:45
138,65,97,,2:34
139,8,33,12.143.182.60,13:23
140,55,81,,13:50
141,18,10,79.66.228.164,18:11
142,43,46,211.74.129.145,10:30
143,31,85,49.128.20.132,23:52
144,29,16,157.228.233.78,1:15
145,5,21,27.9.167.179,1:31
146,39,77,157.142.183.192,18:05
147,17,45,69.95.168.153,6:16
148,20,89,56.222.208.96,16:40
149,69,72,174.15.6.17,2:21
150,59,14,,6:10
151,9,34,236.94.3.91,0:32
152,24,31,,23:51
153,67,46,85.180.23.179,14:57
154,31,11,250.34.40.34,7:28
155,7,60,253.239.0.62,21:45
156,62,20,,21:30
157,11,27,,2:09
158,82,65,192.147.188.8,14:09
159,80,35,121.57.90.176,1:20
160,72,98,,15:27
161,16,17,,17:05
162,75,30,242.37.132.110,3:39
163,74,29,83.203.129.141,19:58
164,68,14,121.120.198.188,9:10
165,40,20,238.166.147.29,13:36
166,44,72,13.211.214.208,3:57
167,43,53,87.246.51.77,13:16
168,48,45,231.231.215.52,19:30
169,44,47,185.175.86.145,11:36
170,6,39,86.164.84.74,3:42
171,69,72,,18:54
172,32,0,138.215.97.91,14:31
173,73,80,23.232.98.210,20:12
174,38,61,174.240.66.153,17:20
175,43,4,31.30.51.36,8:56
176,12,53,95.71.186.140,7:42
177,84,11,239.42.154.145,12:04
178,37,29,,12:17
179,27,13,,11:06
180,47,73,203.42.222.19,17:43
181,13,91,47.26.244.142,16:28
182,24,12,24.26.155.79,21:05
183,23,97,88.163.48.113,4:36
184,17,41,135.123.159.28,19:24
185,22,26,11.127.10.108,12:23
186,3,80,252.148.214.43,7:26
187,50,67,71.107.155.64,5:44
188,95,59,40.6.194.203,7:30
189,41,12,96.171.117.78,20:15
190,28,28,89.120.152.236,20:13
191,41,35,164.49.49.218,14:10
192,27,24,,11:51
193,81,8,214.62.234.224,22:53
194,55,6,215.80.145.218,3:27
195,61,50,47.41.91.186,22:38
196,43,41,101.200.146.242,14:35
197,31,2,,8:31
198,71,83,,19:20
199,7,48,88.170.124.189,0:53
200,42,38,152.213.14.104,20:39
201,83,81,84.134.73.156,2:58
202,98,77,124.179.103.49,22:29
203,5,1,55.217.179.61,2:33
204,19,27,58.37.187.141,0:56
205,32,29,,2:15
206,65,46,125.98.51.59,7:43
207,15,46,,5:16
208,33,3,85.15.150.87,7:37
209,96,45,,15:45
210,82,7,,16:29
211,29,53,77.169.178.102,0:27
212,83,41,27.185.7.117,7:16
213,63,47,248.246.109.62,1:00
214,20,43,104.65.105.69,23:23
215,12,95,155.83.128.68,9:29
216,32,10,,9:13
217,77,30,129.20.106.128,11:38
218,53,60,235.42.168.199,7:18
219,19,41,128.176.237.162,16:07
220,70,5,16.23.43.239,13:07
221,12,20,123.75.240.225,2:24
222,36,71,,1:20
223,43,89,114.104.22.240,14:24
224,82,50,29.15.187.4,8:22
225,58,91,,6:16
226,13,45,,23:05
227,79,18,129.87.240.199,15:56
228,12,91,102.249.194.51,13:19
229,24,44,175.185.232.83,6:48
230,48,1,151.248.42.96,21:32
231,56,78,,19:30
232,34,15,,20:28
233,53,47,133.188.12.160,23:55
234,1,50,159.67.59.81,8:47
235,72,65,202.230.216.153,13:24
236,77,80,24.41.170.137,0:04
237,74,11,201.155.161.152,4:14
238,44,48,,1:30
239,42,54,,3:02
240,49,75,226.110.110.90,7:16
241,47,43,,17:04
242,50,97,75.55.211.113,1:25
243,13,69,111.149.37.115,17:00
244,99,65,97.148.168.200,7:17
245,0,99,52.67.77.142,9:31
246,12,88,,2:47
247,66,45,24.165.103.208,4:11
248,96,49,,17:58
249,12,28,9.95.69.91,3:20
250,85,82,42.195.120.167,16:54
251,17,3,230.120.255.54,16:28
252,14,98,42.26.102.81,3:28
253,43,19,73.198.155.23,19:10
254,70,24,82.116.189.52,10:01
255,55,93,23.34.120.12,22:20
256,95,47,64.117.200.187,0:22
257,98,21,,20:20
258,9,26,147.187.132.213,9:24
259,39,57,,3:32
260,58,29,,23:00
261,64,81,,20:07
262,36,68,125.135.167.167,7:49
263,57,16,159.240.0.243,1:11
264,39,21,69.117.230.56,10:55
265,28,44,84.91.228.102,15:01
266,59,58,241.13.169.29,19:08
267,96,30,,21:09
268,40,52,75.132.196.213,8:23
269,38,72,,18:26
270,77,38,155.245.109.143,15:04
271,8,88,81.98.109.38,2:41
272,44,73,162.41.216.107,23:17
273,87,41,,19:50
274,5,91,,21:58
275,20,18,134.140.51.88,14:24
276,81,100,248.153.155.61,20:01
277,13,11,165.181.219.132,18:54
278,75,87,93.46.101.174,21:52
279,16,13,138.101.105.56,22:33
280,93,73,202.102.101.190,7:43
281,6,47,,13:36
282,40,89,25.153.144.103,22:38
283,91,29,,18:18
284,85,10,224.244.57.176,20:55
285,59,14,229.42.65.135,22:49
286,19,69,4.84.166.117,15:51
287,88,77,241.33.138.0,4:18
288,51,9,1.205.81.126,11:51
289,65,32,3.19.53.112,15:54
290,7,14,232.34.240.58,1:15
291,93,80,72.219.145.173,21:20
292,35,79,65.65.50.203,11:00
293,69,79,245.114.198.231,7:56
294,72,91,,17:30
295,51,5,221.131.94.9,6:24
296,17,36,21.208.205.13,10:29
297,16,61,2.20.191.233,16:44
298,23,54,8.171.87.198,6:57
299,46,45,,19:54
300,42,46,18.109.166.216,4:27
301,5,26,7.186.224.155,23:12
302,84,66,167.222.136.176,13:56
303,80,99,,7:31
304,3,53,,19:48
305,86,3,197.47.122.68,10:37
306,8,90,252.136.77.78,14:40
307,35,57,181.201.55.242,19:35
308,25,93,,23:59
309,43,39,199.95.46.145,3:36
310,52,23,3.68.20.242,13:52
311,73,4,,7:15
312,50,63,222.36.207.37,7:35
313,42,27,74.117.159.131,4:08
314,96,94,248.140.21.243,8:26
315,32,11,216.252.70.82,1:45
316,19,67,127.190.12.49,2:24
317,66,58,,9:06
318,4,23,37.210.199.219,0:09
319,81,70,207.174.212.162,4:59
320,50,22,159.198.241.72,11:16
321,27,38,24.15.44.99,21:21
322,84,15,,15:15
323,28,19,184.196.7.110,4:19
324,13,10,194.230.75.132,9:11
325,36,13,,10:20
326,77,47,207.9.228.76,3:38
327,41,26,,12:39
328,18,16,,1:46
329,57,73,,3:21
330,87,48,110.201.98.53,21:52
331,0,14,164.124.90.244,12:52
332,64,92,105.253.140.103,18:34
333,38,79,233.171.154.41,1:56
