id,credit_card_number,credit_card_type
1,56022350839686487,
2,5153245377860247,mastercard
3,3546041997283790,jcb
4,5038964322005275,maestro
5,36250071572191,diners-club-international
6,374622897390497,americanexpress
7,3557344174678386,jcb
8,5602254410563503723,china-unionpay
9,4903672304209525314,switch
10,5602213227615365731,china-unionpay
11,3576455173759550,jcb
12,3564678087971144,jcb
13,3583112638818809,jcb
14,633110521711227041,switch
15,5263018407984494,mastercard
16,201492681325854,diners-club-enroute
17,50387572753585583,maestro
18,3529736993602262,jcb
19,5567756476215885,mastercard
20,30124412720601,diners-club-carte-blanche
21,6759763939579658387,maestro
22,30234988690169,diners-club-carte-blanche
23,3581540959351277,
24,5010124608018896,mastercard
25,4508407637878634,visa-electron
26,3576047484797138,jcb
27,3559016175356661,jcb
28,3540852934094553,jcb
29,3587054529636617,jcb
30,3563979409575113,jcb
31,3582166534037063,jcb
32,374288423608941,americanexpress
33,3528731824343476,jcb
34,5559407913123387,diners-club-us-ca
35,30065464815676,diners-club-carte-blanche
36,30537972765932,diners-club-carte-blanche
37,5007669169617861,mastercard
38,67628343023292340,maestro
39,3584913759762257,jcb
40,3569489880696200,jcb
41,3538432447149030,jcb
42,3559893526770208,jcb
43,5010128414406294,mastercard
44,3577714215509632,jcb
45,3587915664596230,
46,67097488807440516,laser
47,6331103676432773238,switch
48,4911719383188617,switch
49,5225635481899053,mastercard
50,30423454690106,diners-club-carte-blanche
51,5018391308322512,maestro
52,6331101151680114446,switch
53,491122904944394144,switch
54,6334709728460627,solo
55,3559682209786742,jcb
56,4508946022913183,visa-electron
57,30434171066850,diners-club-carte-blanche
58,3578562299259130,jcb
59,3544348105975296,jcb
60,374283370849465,americanexpress
61,6334678298997183403,solo
62,3533390361512580,jcb
63,3564103834429346,jcb
64,3544573695985278,jcb
65,675905785155131924,switch
66,5610451985654546,bankcard
67,5602225419220144,bankcard
68,3546665440639396,jcb
69,3569735729516946,jcb
70,3546957882316447,jcb
71,3568439035064318,jcb
72,372301538701220,
73,5602242994543899,bankcard
74,374283847733268,americanexpress
75,3578885717993893,jcb
76,3537380306420482,jcb
77,30218435743408,diners-club-carte-blanche
78,5048375059891266,mastercard
79,5610833769569273,bankcard
80,36649469787495,diners-club-international
81,3540224041246858,jcb
82,3531055384212318,jcb
83,3541329280628200,jcb
84,374622600382088,americanexpress
85,3542949296592105,jcb
86,589317039342770706,maestro
87,3556269713616061,jcb
88,4026245979045948,visa-electron
89,4913114614571161,visa-electron
90,3560012395814354,jcb
91,3550307266310124,jcb
92,4175006153644875,visa-electron
93,3538897774983245,
94,3549981994928102,jcb
95,5610702369058260,bankcard
96,5641828108105212,switch
97,3568295906616168,jcb
98,201706515525680,diners-club-enroute
99,5481530497104045,
100,3543408942305064,jcb
101,3582066344411310,jcb
102,30292277498116,diners-club-carte-blanche
103,3574888672006481,jcb
104,5602234117476156,bankcard
105,4315971753227879,visa
106,30297326189657,diners-club-carte-blanche
107,374288201303921,
108,3584577451148808,jcb
109,5328158098444151,mastercard
110,503871737238835694,maestro
111,3581410712139817,jcb
112,6706200223407404,laser
113,3560436784024574,jcb
114,490396827675926225,switch
115,30343570138535,
116,3564400908711314,jcb
117,6374489339962169,instapayment
118,4041592665043484,visa
119,201569572992684,diners-club-enroute
120,337941814882964,americanexpress
121,3550894856774595,jcb
122,3543742888826075,jcb
123,201933732696751,diners-club-enroute
124,4913248208265861,visa-electron
125,337941872868301,
126,67623314872226841,maestro
127,5010128463235610,mastercard
128,3539982057265699,jcb
129,3563812590586179,jcb
130,5108751502218967,mastercard
131,30409667369703,
132,6382049775226766,instapayment
133,5641827772137071,switch
134,3535233964335991,jcb
135,5002352198775464,mastercard
136,3531461171959279,jcb
137,3544908649326627,
138,5641821432723040,switch
139,30175565602111,diners-club-carte-blanche
140,30201270058850,diners-club-carte-blanche
141,3581545839951253,jcb
142,560225059724152135,china-unionpay
143,5602216643215000,bankcard
144,3585928642555584,jcb
145,5602257501273681,bankcard
146,5577195620511089,diners-club-us-ca
147,3535367000490582,jcb
148,5178759957115427,mastercard
149,3554516659007420,jcb
150,4026274480279390,visa-electron
151,3573959582063168,jcb
152,3534331542163751,jcb
153,5038886980389107,maestro
154,5002350272053337,
155,3538746095986512,jcb
156,201835464780994,diners-club-enroute
157,3556202132552898,jcb
158,3553159810631753,jcb
159,560221094556059904,china-unionpay
160,201604976693271,diners-club-enroute
161,3556303145675211,jcb
162,3541679417861714,jcb
163,3585828199884447,jcb
164,6334410363456385890,solo
165,490547803048607741,switch
166,6380720997341540,instapayment
167,3561917281693820,jcb
168,201432850252026,diners-club-enroute
169,3569065340540764,jcb
170,5002351937449795,mastercard
171,4844318974312785,visa-electron
172,67613586827562956,maestro
173,374283165412743,americanexpress
174,6377371994385505,instapayment
175,5610061018334097,china-unionpay
176,6771152210360676,laser
177,3579950774641246,jcb
178,5518309786408459,mastercard
179,5610574938025262047,china-unionpay
180,3564723104411060,jcb
181,3566385250374399,jcb
182,3528978460566213,
183,5641822394131503,switch
184,5100171857543588,mastercard
185,3581960545951812,
186,5602256487330655,
187,3571446624449433,jcb
188,5610777400882423,bankcard
189,6761178044081281946,maestro
190,3563611965710368,jcb
191,4911381509207191,switch
192,6334098022756749580,solo
193,3535861753571366,jcb
194,3566888652766682,jcb
195,3550315198638389,jcb
196,6763860247386882,maestro
197,5610644358145577,bankcard
198,30135579055607,diners-club-carte-blanche
199,5602235896985762,china-unionpay
200,3577928063657430,jcb
201,5591720633554875,diners-club-us-ca
202,4905754017512492,switch
203,0604959404200780140,maestro
204,3562928938859325,jcb
205,5602214169719778,bankcard
206,5610963095762308,bankcard
207,3581794647446425,jcb
208,3587903627051881,jcb
209,3532619915699530,jcb
210,3529419082360395,jcb
211,3577986971646432,jcb
212,3535071473366713,jcb
213,3582129197213991,jcb
214,5602234997504523,bankcard
215,5100172991705786,mastercard
216,67091640158046302,laser
217,3556522272839502,jcb
218,6304293821133916,laser
219,3586853184069001,jcb
220,30254735887637,diners-club-carte-blanche
221,4175001219121794,visa-electron
222,201920301913071,diners-club-enroute
223,30203054370279,diners-club-carte-blanche
224,3543272650554929,jcb
225,490397432830457502,switch
226,3563654670402616,jcb
227,374283941865321,americanexpress
228,67065941460918085,laser
229,6767002490283708,solo
230,3575126317151159,jcb
231,30432170061070,diners-club-carte-blanche
232,4017953841497186,visa
233,3569439468802530,jcb
234,3536195249542809,jcb
235,6767933021518123506,solo
236,3568523711776665,jcb
237,4041370141427401,visa
238,3548606477372749,jcb
239,3579206481207742,jcb
240,3579981576544809,jcb
241,3552549768867303,jcb
242,3532576714060316,jcb
243,56022286503573132,
244,3582941355281945,jcb
245,3542842096175637,jcb
246,5038008788330862191,maestro
247,5100131835338659,mastercard
248,4405116725595851,visa-electron
249,201885532518074,diners-club-enroute
250,4911867785245848,switch
251,67719148770277661,laser
252,201658377469764,diners-club-enroute
253,3554181460593017,jcb
254,3554005191381337,jcb
255,3531293325197567,jcb
256,4041593240286,visa
257,67638781809404092,maestro
258,6390998274559541,instapayment
259,6387621179089852,instapayment
260,3536406063094227,jcb
261,3559322378402744,jcb
262,379402887769058,americanexpress
263,3579602475519854,jcb
264,5002359292737704,mastercard
265,5002354968944205,mastercard
266,4017953013259042,visa
267,3583145347814271,jcb
268,3563606771296404,jcb
269,5100137890444720,mastercard
270,3582997261830803,
271,5602221494505144184,china-unionpay
272,30427888005955,diners-club-carte-blanche
273,30141706706161,diners-club-carte-blanche
274,344313494796008,americanexpress
275,3584936925372636,jcb
276,6767457641255867787,solo
277,3581632433695179,jcb
278,201482697258611,diners-club-enroute
279,344845050156861,americanexpress
280,561010702856114483,china-unionpay
281,5401670377363621,mastercard
282,5002353432417277,mastercard
283,5610301252458917,china-unionpay
284,5610040571664754416,china-unionpay
285,30313754535756,diners-club-carte-blanche
286,3560899486620140,jcb
287,3584446768111646,jcb
288,5602257194487093,bankcard
289,5002359851669314,mastercard
290,3566732644722033,jcb
291,3538994460708125,jcb
292,201511434734482,diners-club-enroute
293,560221196750040141,china-unionpay
294,3574635253394749,jcb
295,4405990399260186,visa-electron
296,4041599758521,visa
297,4041592723613,visa
298,3576867709254882,jcb
299,3552965956276216,jcb
300,4405783026379101,visa-electron
301,6391246300848036,
302,5048375360697717,mastercard
303,493612948446969690,switch
304,3552316018754354,jcb
305,5464976778912641,mastercard
306,3588911441179753,jcb
307,6373352933099153,instapayment
308,4913422834592044,visa-electron
309,4905000829342215025,switch
310,5038981913579930,maestro
311,3582248748558066,jcb
312,30523605388904,diners-club-carte-blanche
313,3562809277751671,jcb
314,5610678055134653712,china-unionpay
315,5007663036297379,mastercard
316,670669459077909000,laser
317,3540321340226704,jcb
318,4903289366431813003,switch
319,3548984670281672,jcb
320,3530491101510315,jcb
321,201452535326870,diners-club-enroute
322,3578828188927792,jcb
323,4041592406360593,visa
324,201631182840461,diners-club-enroute
325,56022572028449647,china-unionpay
326,3568317925385854,jcb
327,3551397088023996,jcb
328,4017954242207638,visa
329,30373239947513,
330,5002357483719473,mastercard
331,3587012014275176,jcb
332,6759168952312557031,maestro
333,3558854886108588,jcb
334,5457439290121521,diners-club-us-ca
335,3575085191792563,jcb
336,36940447949525,diners-club-international
337,4209546204401536,visa
338,3543414955753281,jcb
339,5018172149784514600,maestro
340,3563645947009531,jcb
341,060437583413557580,maestro
342,3554594263264976,
343,56022331774475201,china-unionpay
344,5610001265191097,china-unionpay
345,3557633635670267,jcb
346,5602244619629046,bankcard
347,3554420450972371,jcb
348,676227799995698462,maestro
349,5563329858016737,diners-club-us-ca
350,3574249653406655,jcb
351,5549901769495611,mastercard
352,4017958173700,visa
353,5567731780074906,mastercard
354,4903468708000932727,switch
355,5100131846071562,mastercard
356,4936631550455045,switch
357,5002352247910047,mastercard
358,3551700957687090,jcb
359,67613299124809126,
360,3583314454948344,jcb
361,3538928482198303,jcb
362,5007660356285661,mastercard
363,30141602899839,diners-club-carte-blanche
364,201815545800201,diners-club-enroute
365,6333667239056436,switch
366,5602234877550059,bankcard
367,3576510615213127,jcb
368,633458932136167367,solo
369,67597408351095149,maestro
370,3561361641988309,
371,3545292869859826,jcb
372,67595954231641489,maestro
373,5602256194308739,
374,3564253280869873,jcb
375,675954255698528614,maestro
376,6763163628453075341,maestro
377,3542636832741060,
378,677167278177424658,laser
379,5048370900856501,mastercard
380,30545132377704,diners-club-carte-blanche
381,5581393902481790,
382,3530378104904837,jcb
383,3539322047672847,jcb
384,344064925090590,americanexpress
385,5100179815928270,
386,3544675995856404,jcb
387,5007665359416023,mastercard
388,5602233301606313,bankcard
389,201679847623145,diners-club-enroute
390,3568544600702000,jcb
391,5341336320750107,mastercard
392,3581018165759567,jcb
393,6706133268141994,laser
394,3553424999403733,
395,4405147466430479,visa-electron
396,3580065947362088,jcb
397,5002352952012450,mastercard
398,3588589165215928,jcb
399,4175000605212332,visa-electron
400,4844857811626931,visa-electron
401,3575777263185599,jcb
402,4041374391688,visa
403,3545169453987272,jcb
404,3577087466945767,jcb
405,5295573141424449,mastercard
406,201987362526928,diners-club-enroute
407,4903014056323133,switch
408,3542510977171609,jcb
409,5641827426355058870,switch
410,5312060081705762,mastercard
411,5100139822414045,mastercard
412,670663325491639919,laser
413,3528681014910057,jcb
414,3556164734450501,jcb
415,5298846026310041,mastercard
416,4911124393128903,switch
417,3588331864240562,jcb
418,374897255150564,americanexpress
419,4041594742930857,visa
420,5010126824280879,mastercard
421,4508575887037349,visa-electron
422,3530137776802384,jcb
423,3547599250577918,jcb
424,3581256704106425,jcb
425,3582602509322742,jcb
426,3528761876087473,jcb
427,3540472772342954,jcb
428,3532288452982996,jcb
429,30281083850925,diners-club-carte-blanche
430,3579577194442440,jcb
431,201528519062290,diners-club-enroute
432,5108751667743056,mastercard
433,374306562591965,
434,3538822643010186,jcb
435,3576467749137278,jcb
436,201936062765203,diners-club-enroute
437,201531087858354,diners-club-enroute
438,30001804938621,diners-club-carte-blanche
439,5602240829106734,bankcard
440,3580362504238680,jcb
441,3571598137981656,jcb
442,3547146769441028,jcb
443,675984467770140036,maestro
444,4844798986429562,visa-electron
445,3549388611104374,jcb
446,30243360055073,diners-club-carte-blanche
447,6390573432376896,instapayment
448,30324970015317,diners-club-carte-blanche
449,30273007953208,diners-club-carte-blanche
450,3589009039639186,jcb
451,3568211244552197,jcb
452,4905151148358640,switch
453,060456007929465050,maestro
454,3570065040799436,jcb
455,676709547110730026,solo
456,3543463465351532,jcb
457,3543937386392832,jcb
458,3587652960432402,jcb
459,4917253036779543,visa-electron
460,3579441672130797,jcb
461,3583743249642830,
462,201482837094371,diners-club-enroute
463,560222628791161576,china-unionpay
464,5641824980832775,switch
465,589300782484066131,maestro
466,5398247430036521,mastercard
467,4175005721677607,visa-electron
468,36799525012493,diners-club-international
469,3533538718251357,jcb
470,3584121049975081,jcb
471,6333391037530608833,switch
472,5100170882721391,mastercard
473,201830857655077,diners-club-enroute
474,5602213612023168,bankcard
475,4730833997164,visa
476,675971904372339389,switch
477,4405097631259792,visa-electron
478,5602219903946579,china-unionpay
479,3586490119372372,jcb
480,6333976790145948514,switch
481,4917069516243630,visa-electron
482,5610402934919942990,china-unionpay
483,4261753851264,visa
484,3540882546768252,jcb
485,3584854418945778,jcb
486,56022152664312522,china-unionpay
487,201485470732108,diners-club-enroute
488,36660457415718,diners-club-international
489,4041597345247173,visa
490,3565240323729999,jcb
491,633313560775703526,switch
492,3557222360347174,jcb
493,376453308627709,americanexpress
494,5435612227961246,mastercard
495,30551047992512,diners-club-carte-blanche
496,3537509750113678,jcb
497,3566105014265745,jcb
498,4844418380324463,visa-electron
499,3564501970902762,jcb
500,3566053506866945,jcb
